question,response
hello,Hello! How can I help you today?
hi,Hi there! What can I do for you?
how are you,I'm doing well, thank you for asking! How can I assist you?
what is your name,I'm a friendly AI assistant here to help you. You can call me ChatBot.
goodbye,Goodbye! Have a great day!
bye,See you later! Take care!
thanks,You're welcome! Let me know if you need anything else.
thank you,You're welcome! Is there anything else I can help you with?
what can you do,I can help answer questions and have conversations with you. Feel free to ask me anything!
how does this work,I use natural language processing to understand your questions and provide relevant responses based on my training data.
help,I'm here to help! Just ask me a question and I'll do my best to assist you.